"","MONTH","MEAN","nr_obs"
"1","jan",279.591663438964,744
"2","feb",271.341935442936,672
"3","mar",232.538156062221,744
"4","apr",268.019281851347,720
"5","maj",173.087905364053,744
"6","jun",135.694816434934,720
"7","jul",94.2305064988458,744
"8","aug",180.924624156685,744
"9","sep",166.06781464049,472
"10","oct",0,0
"11","nov",324.921883428542,252
"12","dec",277.985076545967,744
